pos_idx,grid_ra,grid_dec,obs_date,src_index,src_ra_deg,src_dec_deg,plate_mag,plate_names
270,288.0,3.1578947368421098,1949-04-25,2674,287.880056,3.2061129999999998,13.913369178771973,b74642;bi04768;kb00568;kc00084;kb00569;kc00085;fa10987;bi04772
270,288.0,3.1578947368421098,1949-04-25,6981,288.141701,3.3119480000000006,14.009429931640623,b74642;bi04768;kb00568;kc00084;kb00569;kc00085;fa10987;bi04772
270,288.0,3.1578947368421098,1949-06-01,136,287.979861,3.139696,14.65609073638916,rh14994;kc00105;ka00908;kc00106;ka00909;kb00588;kb00589
270,288.0,3.1578947368421098,1949-06-01,522,287.98942,3.212695,15.39847183227539,rh14994;kc00105;ka00908;kc00106;ka00909;kb00588;kb00589
270,288.0,3.1578947368421098,1949-06-01,2850,287.949974,3.034881,15.060948371887209,rh14994;kc00105;ka00908;kc00106;ka00909;kb00588;kb00589
270,288.0,3.1578947368421098,1949-06-01,3186,288.122998,3.226099,14.250340461730955,rh14994;kc00105;ka00908;kc00106;ka00909;kb00588;kb00589
270,288.0,3.1578947368421098,1949-06-01,3384,287.86427,3.106233,15.866337776184082,rh14994;kc00105;ka00908;kc00106;ka00909;kb00588;kb00589
270,288.0,3.1578947368421098,1949-06-01,3985,288.150497,3.205056,15.438058853149414,rh14994;kc00105;ka00908;kc00106;ka00909;kb00588;kb00589
270,288.0,3.1578947368421098,1949-06-01,4592,288.167374,3.1301579999999998,15.628782272338867,rh14994;kc00105;ka00908;kc00106;ka00909;kb00588;kb00589
270,288.0,3.1578947368421098,1949-06-01,4977,287.98258,2.9825510000000004,15.749354362487791,rh14994;kc00105;ka00908;kc00106;ka00909;kb00588;kb00589
270,288.0,3.1578947368421098,1949-06-01,6837,288.183354,3.061552,14.927838325500488,rh14994;kc00105;ka00908;kc00106;ka00909;kb00588;kb00589
270,288.0,3.1578947368421098,1949-06-01,7903,287.97088900000006,2.937184,15.662213325500488,rh14994;kc00105;ka00908;kc00106;ka00909;kb00588;kb00589
270,288.0,3.1578947368421098,1949-06-01,8366,288.1149,3.357082,13.912611961364746,rh14994;kc00105;ka00908;kc00106;ka00909;kb00588;kb00589
270,288.0,3.1578947368421098,1949-08-11,2794,287.980701,3.288065,11.831772804260254,rl04733
270,288.0,3.1578947368421098,1949-08-11,2954,287.940047,3.278884,11.9832763671875,rl04733
270,288.0,3.1578947368421098,1949-08-11,4011,288.056217,3.3057850000000006,11.961865425109863,rl04733
270,288.0,3.1578947368421098,1949-08-15,7890,288.058432,2.9432400000000003,13.025097846984863,ac41251;rl04734;kc00303;ai42056;kd00403;ai42057;kc00304;kd00404;ai42058;kc00305;fa11251;fa11252;fa11253;fa11254;bi04965;bi04964
270,288.0,3.1578947368421098,1949-08-15,9871,287.8753070000001,3.3882030000000003,11.83907413482666,ac41251;rl04734;kc00303;ai42056;kd00403;ai42057;kc00304;kd00404;ai42058;kc00305;fa11251;fa11252;fa11253;fa11254;bi04965;bi04964
270,288.0,3.1578947368421098,1950-06-06,776,288.051343,3.111024,16.72831153869629,mc36807;ka01787;ka01788;ka01789;bi05181
270,288.0,3.1578947368421098,1950-06-06,3498,287.992887,3.0106010000000003,17.876930236816406,mc36807;ka01787;ka01788;ka01789;bi05181
270,288.0,3.1578947368421098,1950-06-06,4542,287.934969,3.313276,15.059471130371094,mc36807;ka01787;ka01788;ka01789;bi05181
270,288.0,3.1578947368421098,1950-06-06,7675,287.919468,3.361733,15.041115760803224,mc36807;ka01787;ka01788;ka01789;bi05181
270,288.0,3.1578947368421098,1950-06-06,8708,288.1369,2.9667009999999996,14.864546775817873,mc36807;ka01787;ka01788;ka01789;bi05181
270,288.0,3.1578947368421098,1950-07-10,3206,287.961235,3.2932560000000004,15.939678192138672,ka01862;kf00154;ka01863;kf00155;ka01864;ke00187;ke00188;ke00189;ke00190;ke00191;ke00192;b75425;am27966;bi05212
270,288.0,3.1578947368421098,1950-07-10,6226,288.017497,2.961587,16.89487648010254,ka01862;kf00154;ka01863;kf00155;ka01864;ke00187;ke00188;ke00189;ke00190;ke00191;ke00192;b75425;am27966;bi05212
270,288.0,3.1578947368421098,1950-07-10,10324,287.812808,2.946396,16.60533332824707,ka01862;kf00154;ka01863;kf00155;ka01864;ke00187;ke00188;ke00189;ke00190;ke00191;ke00192;b75425;am27966;bi05212
270,288.0,3.1578947368421098,1950-07-10,10432,287.789529,2.960644,16.871719360351562,ka01862;kf00154;ka01863;kf00155;ka01864;ke00187;ke00188;ke00189;ke00190;ke00191;ke00192;b75425;am27966;bi05212
270,288.0,3.1578947368421098,1950-08-07,92,287.980377,3.148382,15.170894622802734,rh15420;ka01899;ka01900;ka01901;ke00223;ke00224;ke00225;ke00226;ke00227;ke00228
270,288.0,3.1578947368421098,1950-08-07,558,288.034788,3.204139,15.202695846557615,rh15420;ka01899;ka01900;ka01901;ke00223;ke00224;ke00225;ke00226;ke00227;ke00228
270,288.0,3.1578947368421098,1950-08-07,660,287.970721,3.10201,15.413165092468262,rh15420;ka01899;ka01900;ka01901;ke00223;ke00224;ke00225;ke00226;ke00227;ke00228
270,288.0,3.1578947368421098,1950-08-07,737,287.97318600000006,3.219785,15.37169075012207,rh15420;ka01899;ka01900;ka01901;ke00223;ke00224;ke00225;ke00226;ke00227;ke00228
270,288.0,3.1578947368421098,1950-08-07,795,288.014154,3.2266789999999994,15.22136116027832,rh15420;ka01899;ka01900;ka01901;ke00223;ke00224;ke00225;ke00226;ke00227;ke00228
270,288.0,3.1578947368421098,1950-08-07,2026,288.042347,3.0521669999999994,14.66057586669922,rh15420;ka01899;ka01900;ka01901;ke00223;ke00224;ke00225;ke00226;ke00227;ke00228
270,288.0,3.1578947368421098,1950-08-07,2173,288.00829200000004,3.2749129999999997,15.857019424438477,rh15420;ka01899;ka01900;ka01901;ke00223;ke00224;ke00225;ke00226;ke00227;ke00228
270,288.0,3.1578947368421098,1950-08-07,2194,287.918948,3.243375,15.011805534362791,rh15420;ka01899;ka01900;ka01901;ke00223;ke00224;ke00225;ke00226;ke00227;ke00228
270,288.0,3.1578947368421098,1950-08-07,5365,288.118749,3.2969599999999994,15.250057220458984,rh15420;ka01899;ka01900;ka01901;ke00223;ke00224;ke00225;ke00226;ke00227;ke00228
270,288.0,3.1578947368421098,1950-08-07,7403,288.020484,2.943995,15.618204116821287,rh15420;ka01899;ka01900;ka01901;ke00223;ke00224;ke00225;ke00226;ke00227;ke00228
270,288.0,3.1578947368421098,1950-08-07,7506,287.890721,2.971077,15.763328552246094,rh15420;ka01899;ka01900;ka01901;ke00223;ke00224;ke00225;ke00226;ke00227;ke00228
270,288.0,3.1578947368421098,1950-08-07,8140,287.950615,2.9370729999999994,14.680563926696776,rh15420;ka01899;ka01900;ka01901;ke00223;ke00224;ke00225;ke00226;ke00227;ke00228
270,288.0,3.1578947368421098,1950-08-07,8902,288.118288,2.9513060000000007,15.467935562133787,rh15420;ka01899;ka01900;ka01901;ke00223;ke00224;ke00225;ke00226;ke00227;ke00228
270,288.0,3.1578947368421098,1950-08-07,9184,287.764635,3.2217379999999998,15.6940336227417,rh15420;ka01899;ka01900;ka01901;ke00223;ke00224;ke00225;ke00226;ke00227;ke00228
270,288.0,3.1578947368421098,1950-08-07,9785,287.789551,3.309068,14.728348731994627,rh15420;ka01899;ka01900;ka01901;ke00223;ke00224;ke00225;ke00226;ke00227;ke00228
270,288.0,3.1578947368421098,1950-08-07,9896,287.86117,3.380957,14.234334945678713,rh15420;ka01899;ka01900;ka01901;ke00223;ke00224;ke00225;ke00226;ke00227;ke00228
270,288.0,3.1578947368421098,1950-08-07,9960,287.766271,3.032826,15.855809211730955,rh15420;ka01899;ka01900;ka01901;ke00223;ke00224;ke00225;ke00226;ke00227;ke00228
270,288.0,3.1578947368421098,1950-10-03,746,287.99222,3.2252529999999995,14.24763298034668,b75578;bi05296
270,288.0,3.1578947368421098,1950-10-03,10597,288.215169,2.9506959999999998,13.65319538116455,b75578;bi05296
270,288.0,3.1578947368421098,1952-05-01,3397,288.075305,3.033618,12.408111572265623,j03870;fa12732;ka02733
270,288.0,3.1578947368421098,1952-05-01,3626,288.061011,3.020678999999999,12.844564437866213,j03870;fa12732;ka02733
270,288.0,3.1578947368421098,1952-05-17,897,288.071525,3.1814760000000004,16.064727783203125,j03880
270,288.0,3.1578947368421098,1952-05-17,6034,287.88833,2.999211,16.094568252563477,j03880
270,288.0,3.1578947368421098,1952-05-28,1719,288.084153,3.221657,14.374595642089844,j03894;j03895;j03896;rh15834;j03897
270,288.0,3.1578947368421098,1952-05-28,1783,288.050959,3.252463,14.098766326904297,j03894;j03895;j03896;rh15834;j03897
270,288.0,3.1578947368421098,1952-05-28,2092,287.887373,3.1318330000000003,15.617473602294922,j03894;j03895;j03896;rh15834;j03897
270,288.0,3.1578947368421098,1952-05-28,2137,288.0349560000001,3.269259,14.398700714111328,j03894;j03895;j03896;rh15834;j03897
270,288.0,3.1578947368421098,1952-05-28,2423,288.033133,3.2763889999999996,15.788126945495604,j03894;j03895;j03896;rh15834;j03897
270,288.0,3.1578947368421098,1952-05-28,2505,287.972195,3.035883,13.797618865966797,j03894;j03895;j03896;rh15834;j03897
270,288.0,3.1578947368421098,1952-05-28,2525,288.121461,3.1254290000000005,15.16541576385498,j03894;j03895;j03896;rh15834;j03897
270,288.0,3.1578947368421098,1952-05-28,2814,287.994415,3.28978,15.745104789733888,j03894;j03895;j03896;rh15834;j03897
270,288.0,3.1578947368421098,1952-05-28,2826,287.873495,3.118733,15.89128875732422,j03894;j03895;j03896;rh15834;j03897
270,288.0,3.1578947368421098,1952-05-28,3406,287.855596,3.176837,15.810102462768556,j03894;j03895;j03896;rh15834;j03897
270,288.0,3.1578947368421098,1952-05-28,3567,287.86691,3.090957,15.689969062805176,j03894;j03895;j03896;rh15834;j03897
270,288.0,3.1578947368421098,1952-05-28,4516,287.839212,3.108208,14.522372245788574,j03894;j03895;j03896;rh15834;j03897
270,288.0,3.1578947368421098,1952-05-28,4759,287.82966100000004,3.1305310000000004,15.660869598388672,j03894;j03895;j03896;rh15834;j03897
270,288.0,3.1578947368421098,1952-05-28,4797,288.074688,3.313824,15.018035888671877,j03894;j03895;j03896;rh15834;j03897
270,288.0,3.1578947368421098,1952-05-28,4840,287.826022,3.1636639999999994,15.714406967163086,j03894;j03895;j03896;rh15834;j03897
270,288.0,3.1578947368421098,1952-05-28,5235,288.050685,2.984528,15.80735206604004,j03894;j03895;j03896;rh15834;j03897
270,288.0,3.1578947368421098,1952-05-28,5733,288.177254,3.090846,15.898273468017578,j03894;j03895;j03896;rh15834;j03897
270,288.0,3.1578947368421098,1952-05-28,5734,288.02648000000005,2.970481,15.710515975952148,j03894;j03895;j03896;rh15834;j03897
270,288.0,3.1578947368421098,1952-05-28,6029,287.832162,3.255422,14.67739486694336,j03894;j03895;j03896;rh15834;j03897
270,288.0,3.1578947368421098,1952-05-28,6070,287.814913,3.218928,15.61347770690918,j03894;j03895;j03896;rh15834;j03897
270,288.0,3.1578947368421098,1952-05-28,6359,287.836939,3.27297,16.21398162841797,j03894;j03895;j03896;rh15834;j03897
270,288.0,3.1578947368421098,1952-05-28,6461,287.855993,3.017456,15.85145092010498,j03894;j03895;j03896;rh15834;j03897
270,288.0,3.1578947368421098,1952-05-28,6667,288.184214,3.247184,15.717403411865234,j03894;j03895;j03896;rh15834;j03897
270,288.0,3.1578947368421098,1952-05-28,6754,287.822327,3.262183,15.711223602294922,j03894;j03895;j03896;rh15834;j03897
270,288.0,3.1578947368421098,1952-05-28,7456,287.906656,3.3523660000000004,15.990654945373535,j03894;j03895;j03896;rh15834;j03897
270,288.0,3.1578947368421098,1952-05-28,7833,287.86249,3.331655,15.47739315032959,j03894;j03895;j03896;rh15834;j03897
270,288.0,3.1578947368421098,1952-05-28,8218,287.796176,3.259229,15.994617462158203,j03894;j03895;j03896;rh15834;j03897
270,288.0,3.1578947368421098,1952-05-28,8689,288.182488,3.305999,14.623873710632324,j03894;j03895;j03896;rh15834;j03897
270,288.0,3.1578947368421098,1952-05-28,8838,287.785828,3.056219,14.615894317626951,j03894;j03895;j03896;rh15834;j03897
270,288.0,3.1578947368421098,1952-05-28,9312,288.229304,3.06825,13.218814849853516,j03894;j03895;j03896;rh15834;j03897
270,288.0,3.1578947368421098,1952-05-28,9406,287.882036,2.939432,15.645159721374512,j03894;j03895;j03896;rh15834;j03897
270,288.0,3.1578947368421098,1952-05-28,9499,288.231129,3.2552180000000006,13.761048316955566,j03894;j03895;j03896;rh15834;j03897
270,288.0,3.1578947368421098,1952-05-28,9884,287.785953,3.006002,16.016809463500977,j03894;j03895;j03896;rh15834;j03897
270,288.0,3.1578947368421098,1952-05-28,10098,288.209833,2.984827,15.475141525268556,j03894;j03895;j03896;rh15834;j03897
270,288.0,3.1578947368421098,1952-05-28,10109,287.827032,3.368312,16.02582550048828,j03894;j03895;j03896;rh15834;j03897
270,288.0,3.1578947368421098,1952-07-23,316,288.041311,3.1539730000000006,14.28235912322998,ma11027
270,288.0,3.1578947368421098,1952-07-23,1478,287.905895,3.1853729999999993,14.511700630187988,ma11027
270,288.0,3.1578947368421098,1952-07-23,6983,287.810743,3.247614,14.547218322753906,ma11027
270,288.0,3.1578947368421098,1952-07-23,7491,287.89106,3.344632,14.647103309631348,ma11027
270,288.0,3.1578947368421098,1952-07-23,8630,288.200305,3.0366160000000004,14.50824737548828,ma11027
270,288.0,3.1578947368421098,1952-07-23,9827,287.783061,3.3024539999999996,14.540306091308594,ma11027
270,288.0,3.1578947368421098,1952-07-25,6395,287.800969,3.180139,15.32061767578125,rh15853;fa12852;rh15854;ac42306;ai43648;ma11032;fa12853;ai43649;fa12855;ai43650;ka02764;fa12856;ka02765;fa12854;ka02766;ka02767;ka02768
270,288.0,3.1578947368421098,1952-07-25,8777,288.195096,3.0250310000000002,15.33591079711914,rh15853;fa12852;rh15854;ac42306;ai43648;ma11032;fa12853;ai43649;fa12855;ai43650;ka02764;fa12856;ka02765;fa12854;ka02766;ka02767;ka02768
270,288.0,3.1578947368421098,1952-07-26,1405,288.001099,3.2530060000000005,15.64101219177246,fa12858;ai43654;ma11035;fa12859;ai43655;fa12860;ai43656;ai43657;fa12861;fa12862;ka02771
270,288.0,3.1578947368421098,1952-07-26,6861,287.792249,3.159841999999999,15.655023574829102,fa12858;ai43654;ma11035;fa12859;ai43655;fa12860;ai43656;ai43657;fa12861;fa12862;ka02771
270,288.0,3.1578947368421098,1952-07-27,166,287.970959,3.162435,14.02027702331543,fa12865;ai43660;ma11040;fa12866;ai43661;fa12867;ai43662;fa12868;bi05589
270,288.0,3.1578947368421098,1952-07-27,804,287.93292,3.135582,13.802807807922363,fa12865;ai43660;ma11040;fa12866;ai43661;fa12867;ai43662;fa12868;bi05589
270,288.0,3.1578947368421098,1952-07-27,2389,288.028278,3.276726,14.187618255615234,fa12865;ai43660;ma11040;fa12866;ai43661;fa12867;ai43662;fa12868;bi05589
270,288.0,3.1578947368421098,1952-07-27,4655,287.871465,3.045667,13.847620964050291,fa12865;ai43660;ma11040;fa12866;ai43661;fa12867;ai43662;fa12868;bi05589
270,288.0,3.1578947368421098,1952-07-27,5782,288.008527,2.9679489999999995,14.155065536499023,fa12865;ai43660;ma11040;fa12866;ai43661;fa12867;ai43662;fa12868;bi05589
270,288.0,3.1578947368421098,1952-07-27,6056,288.091014,2.9859920000000004,14.145564079284668,fa12865;ai43660;ma11040;fa12866;ai43661;fa12867;ai43662;fa12868;bi05589
270,288.0,3.1578947368421098,1952-07-27,8234,288.206191,3.254929,14.222627639770508,fa12865;ai43660;ma11040;fa12866;ai43661;fa12867;ai43662;fa12868;bi05589
270,288.0,3.1578947368421098,1953-04-12,28,287.988311,3.15396,16.37712860107422,j04263
270,288.0,3.1578947368421098,1953-04-12,8665,288.21885,3.2430560000000006,14.90737247467041,j04263
270,288.0,3.1578947368421098,1953-06-09,456,288.038094,3.122973,16.03567886352539,j04274;j04276;mc37590;j04278;ai43918;ai43919;ka03052;ka03053;ai43920;ka03054;ai43921;ai43922;ka03055
270,288.0,3.1578947368421098,1953-06-09,532,288.0498600000001,3.1306000000000003,16.49951934814453,j04274;j04276;mc37590;j04278;ai43918;ai43919;ka03052;ka03053;ai43920;ka03054;ai43921;ai43922;ka03055
270,288.0,3.1578947368421098,1953-06-09,845,288.063075,3.121343,14.41986846923828,j04274;j04276;mc37590;j04278;ai43918;ai43919;ka03052;ka03053;ai43920;ka03054;ai43921;ai43922;ka03055
270,288.0,3.1578947368421098,1953-06-09,1280,287.945547,3.084976,14.04003620147705,j04274;j04276;mc37590;j04278;ai43918;ai43919;ka03052;ka03053;ai43920;ka03054;ai43921;ai43922;ka03055
270,288.0,3.1578947368421098,1953-06-09,1441,288.072712,3.221555,16.6652889251709,j04274;j04276;mc37590;j04278;ai43918;ai43919;ka03052;ka03053;ai43920;ka03054;ai43921;ai43922;ka03055
270,288.0,3.1578947368421098,1953-06-09,1751,287.91352,3.22014,16.280925750732422,j04274;j04276;mc37590;j04278;ai43918;ai43919;ka03052;ka03053;ai43920;ka03054;ai43921;ai43922;ka03055
270,288.0,3.1578947368421098,1953-06-09,2200,288.000313,3.2756890000000003,14.63583755493164,j04274;j04276;mc37590;j04278;ai43918;ai43919;ka03052;ka03053;ai43920;ka03054;ai43921;ai43922;ka03055
270,288.0,3.1578947368421098,1953-06-09,2378,288.065278,3.260738,15.61921215057373,j04274;j04276;mc37590;j04278;ai43918;ai43919;ka03052;ka03053;ai43920;ka03054;ai43921;ai43922;ka03055
270,288.0,3.1578947368421098,1953-06-09,2617,288.000617,3.0300869999999995,14.22361183166504,j04274;j04276;mc37590;j04278;ai43918;ai43919;ka03052;ka03053;ai43920;ka03054;ai43921;ai43922;ka03055
270,288.0,3.1578947368421098,1953-06-09,2686,287.933757,3.0467259999999996,16.98527717590332,j04274;j04276;mc37590;j04278;ai43918;ai43919;ka03052;ka03053;ai43920;ka03054;ai43921;ai43922;ka03055
270,288.0,3.1578947368421098,1953-06-09,3098,287.95651,3.026557,15.72914218902588,j04274;j04276;mc37590;j04278;ai43918;ai43919;ka03052;ka03053;ai43920;ka03054;ai43921;ai43922;ka03055
270,288.0,3.1578947368421098,1953-06-09,3174,287.982544,3.0187370000000002,14.725211143493652,j04274;j04276;mc37590;j04278;ai43918;ai43919;ka03052;ka03053;ai43920;ka03054;ai43921;ai43922;ka03055
270,288.0,3.1578947368421098,1953-06-09,3899,287.868375,3.2411459999999996,15.251733779907228,j04274;j04276;mc37590;j04278;ai43918;ai43919;ka03052;ka03053;ai43920;ka03054;ai43921;ai43922;ka03055
270,288.0,3.1578947368421098,1953-06-09,4289,287.9358280000001,3.007188,16.74965476989746,j04274;j04276;mc37590;j04278;ai43918;ai43919;ka03052;ka03053;ai43920;ka03054;ai43921;ai43922;ka03055
270,288.0,3.1578947368421098,1953-06-09,5177,288.068878,2.991758,15.359431266784668,j04274;j04276;mc37590;j04278;ai43918;ai43919;ka03052;ka03053;ai43920;ka03054;ai43921;ai43922;ka03055
270,288.0,3.1578947368421098,1953-06-09,5446,287.856473,3.2735970000000005,15.84404182434082,j04274;j04276;mc37590;j04278;ai43918;ai43919;ka03052;ka03053;ai43920;ka03054;ai43921;ai43922;ka03055
270,288.0,3.1578947368421098,1953-06-09,5518,287.89174,3.308496,17.117557525634766,j04274;j04276;mc37590;j04278;ai43918;ai43919;ka03052;ka03053;ai43920;ka03054;ai43921;ai43922;ka03055
270,288.0,3.1578947368421098,1953-06-09,5779,288.065051,2.979286,15.356282234191896,j04274;j04276;mc37590;j04278;ai43918;ai43919;ka03052;ka03053;ai43920;ka03054;ai43921;ai43922;ka03055
270,288.0,3.1578947368421098,1953-06-09,5989,287.809057,3.189157,16.188190460205078,j04274;j04276;mc37590;j04278;ai43918;ai43919;ka03052;ka03053;ai43920;ka03054;ai43921;ai43922;ka03055
270,288.0,3.1578947368421098,1953-06-09,6269,288.143384,3.294518000000001,16.483875274658203,j04274;j04276;mc37590;j04278;ai43918;ai43919;ka03052;ka03053;ai43920;ka03054;ai43921;ai43922;ka03055
270,288.0,3.1578947368421098,1953-06-09,6539,288.202695,3.1620379999999995,13.582319259643556,j04274;j04276;mc37590;j04278;ai43918;ai43919;ka03052;ka03053;ai43920;ka03054;ai43921;ai43922;ka03055
270,288.0,3.1578947368421098,1953-06-09,7217,287.962323,3.366843,16.470054626464844,j04274;j04276;mc37590;j04278;ai43918;ai43919;ka03052;ka03053;ai43920;ka03054;ai43921;ai43922;ka03055
270,288.0,3.1578947368421098,1953-06-09,7935,288.090274,3.3620480000000006,13.18553638458252,j04274;j04276;mc37590;j04278;ai43918;ai43919;ka03052;ka03053;ai43920;ka03054;ai43921;ai43922;ka03055
270,288.0,3.1578947368421098,1953-06-09,8048,287.90072,2.956101,17.02609634399414,j04274;j04276;mc37590;j04278;ai43918;ai43919;ka03052;ka03053;ai43920;ka03054;ai43921;ai43922;ka03055
270,288.0,3.1578947368421098,1953-06-09,8425,287.895189,3.363453,16.200416564941406,j04274;j04276;mc37590;j04278;ai43918;ai43919;ka03052;ka03053;ai43920;ka03054;ai43921;ai43922;ka03055
270,288.0,3.1578947368421098,1953-06-09,8450,287.908959,3.370443,15.728349685668944,j04274;j04276;mc37590;j04278;ai43918;ai43919;ka03052;ka03053;ai43920;ka03054;ai43921;ai43922;ka03055
270,288.0,3.1578947368421098,1953-06-09,8559,288.069643,3.380307,16.20377540588379,j04274;j04276;mc37590;j04278;ai43918;ai43919;ka03052;ka03053;ai43920;ka03054;ai43921;ai43922;ka03055
270,288.0,3.1578947368421098,1953-06-09,8620,288.182836,3.011881,17.372827529907227,j04274;j04276;mc37590;j04278;ai43918;ai43919;ka03052;ka03053;ai43920;ka03054;ai43921;ai43922;ka03055
270,288.0,3.1578947368421098,1953-06-09,9547,288.172721,2.9744030000000006,13.323208808898926,j04274;j04276;mc37590;j04278;ai43918;ai43919;ka03052;ka03053;ai43920;ka03054;ai43921;ai43922;ka03055
270,288.0,3.1578947368421098,1953-06-09,9686,287.826859,2.9692940000000005,16.913476943969727,j04274;j04276;mc37590;j04278;ai43918;ai43919;ka03052;ka03053;ai43920;ka03054;ai43921;ai43922;ka03055
270,288.0,3.1578947368421098,1953-06-09,9858,287.791245,3.00042,17.03285026550293,j04274;j04276;mc37590;j04278;ai43918;ai43919;ka03052;ka03053;ai43920;ka03054;ai43921;ai43922;ka03055
11,158.4,-60.0,1950-06-07,116,158.40449,-60.027755,16.22318458557129,mf39017;am27925;b75358;mf39018;a27131;bi05182;bi05183
11,158.4,-60.0,1950-06-07,5122,158.04542,-60.038867,16.610504150390625,mf39017;am27925;b75358;mf39018;a27131;bi05182;bi05183
11,158.4,-60.0,1950-06-18,1389,158.539328,-60.063747,16.47833824157715,mf39047;a27183;mf39048;a27186;mf39049;mf39050;a27189
11,158.4,-60.0,1950-06-18,2308,158.478919,-60.116150999999995,15.951769828796388,mf39047;a27183;mf39048;a27186;mf39049;mf39050;a27189
11,158.4,-60.0,1950-06-18,4464,158.60523,-60.13546100000001,16.293899536132812,mf39047;a27183;mf39048;a27186;mf39049;mf39050;a27189
11,158.4,-60.0,1950-07-05,1674,158.215398,-60.046866,15.555044174194336,mf39092;mf39093;mf39095
11,158.4,-60.0,1950-07-05,9336,158.836071,-60.125719999999994,15.262048721313477,mf39092;mf39093;mf39095
11,158.4,-60.0,1950-07-10,1091,158.568263,-59.997211,13.176365852355955,mf39109;mf39110;bi05211
11,158.4,-60.0,1950-07-10,4325,158.695587,-59.922377,13.053167343139648,mf39109;mf39110;bi05211
11,158.4,-60.0,1950-07-18,2496,158.462189,-60.12384600000001,13.797599792480469,a27356
11,158.4,-60.0,1950-07-18,3506,158.233125,-60.125234,12.505936622619627,a27356
11,158.4,-60.0,1950-07-18,4270,158.305424,-59.840897000000005,13.724878311157228,a27356
11,158.4,-60.0,1950-07-18,7983,158.229411,-60.211231000000005,13.641345977783203,a27356
11,158.4,-60.0,1950-07-21,2593,158.334963,-59.874143,13.70655632019043,a27369
11,158.4,-60.0,1950-07-21,4644,158.704384,-60.08263900000001,13.838946342468262,a27369
11,158.4,-60.0,1950-07-21,6520,158.803233,-59.96124400000001,13.77504825592041,a27369
11,158.4,-60.0,1950-07-21,10786,158.85203000000004,-59.777821,13.80473518371582,a27369
11,158.4,-60.0,1951-04-03,9137,158.866809,-59.921056,13.487526893615724,mf39491;mf39492
11,158.4,-60.0,1951-04-03,9736,158.171677,-59.76438100000001,13.851093292236328,mf39491;mf39492
11,158.4,-60.0,1951-04-27,2545,158.323581,-59.87699899999999,12.4701509475708,mf39521;mf39522;mf39524;mf39525;mf39526;mf39527;mf39528;mf39530;mf39531;mf39532;mf39533;adh00372
11,158.4,-60.0,1951-04-27,5110,158.664716,-59.876552,13.121853828430176,mf39521;mf39522;mf39524;mf39525;mf39526;mf39527;mf39528;mf39530;mf39531;mf39532;mf39533;adh00372
11,158.4,-60.0,1951-04-27,7735,158.416288,-60.223794,12.693408012390137,mf39521;mf39522;mf39524;mf39525;mf39526;mf39527;mf39528;mf39530;mf39531;mf39532;mf39533;adh00372
11,158.4,-60.0,1951-04-27,7750,158.832119,-59.940963,14.52182674407959,mf39521;mf39522;mf39524;mf39525;mf39526;mf39527;mf39528;mf39530;mf39531;mf39532;mf39533;adh00372
11,158.4,-60.0,1951-04-27,8655,158.66947600000003,-59.804777,12.704263687133787,mf39521;mf39522;mf39524;mf39525;mf39526;mf39527;mf39528;mf39530;mf39531;mf39532;mf39533;adh00372
11,158.4,-60.0,1951-04-27,10791,157.949523,-59.776177,11.525479316711426,mf39521;mf39522;mf39524;mf39525;mf39526;mf39527;mf39528;mf39530;mf39531;mf39532;mf39533;adh00372
11,158.4,-60.0,1952-03-28,1613,158.315475,-60.092615,16.1483097076416,b76168;bi05567;bi05568;bi05569
11,158.4,-60.0,1952-03-28,2169,158.23362,-60.084939000000006,15.728433609008787,b76168;bi05567;bi05568;bi05569
11,158.4,-60.0,1952-03-28,4664,158.39693300000002,-59.82659900000001,15.284382820129396,b76168;bi05567;bi05568;bi05569
11,158.4,-60.0,1952-03-28,6198,158.79992,-60.006614000000006,16.288354873657227,b76168;bi05567;bi05568;bi05569
11,158.4,-60.0,1952-03-28,7003,158.735443,-60.131648000000006,16.09161376953125,b76168;bi05567;bi05568;bi05569
11,158.4,-60.0,1952-03-28,8013,158.068591,-60.157199000000006,11.614298820495604,b76168;bi05567;bi05568;bi05569
11,158.4,-60.0,1952-03-28,8090,158.841816,-60.062484000000005,14.133468627929688,b76168;bi05567;bi05568;bi05569
11,158.4,-60.0,1953-02-07,1128,158.538484,-60.04978800000001,12.866463661193848,mf40515;b76615;mf40516;b76616;mf40517;b76617;mf40518;b76618
11,158.4,-60.0,1953-02-07,3057,158.144728,-60.05958300000001,13.600659370422363,mf40515;b76615;mf40516;b76616;mf40517;b76617;mf40518;b76618
11,158.4,-60.0,1953-02-07,3583,158.704302,-59.994716999999994,13.2214994430542,mf40515;b76615;mf40516;b76616;mf40517;b76617;mf40518;b76618
11,158.4,-60.0,1953-02-07,8388,158.349612,-60.232167,12.49270725250244,mf40515;b76615;mf40516;b76616;mf40517;b76617;mf40518;b76618
11,158.4,-60.0,1953-02-07,8603,158.044755,-59.844196,11.33310317993164,mf40515;b76615;mf40516;b76616;mf40517;b76617;mf40518;b76618
11,158.4,-60.0,1953-02-07,8896,157.942951,-60.080221,12.990524291992188,mf40515;b76615;mf40516;b76616;mf40517;b76617;mf40518;b76618
11,158.4,-60.0,1953-02-14,636,158.522118,-60.018254,11.323827743530272,mf40527;b76637;mf40528;b76638;mf40529;b76639;mf40530;b76640
11,158.4,-60.0,1953-02-14,1565,158.330324,-60.093934,11.708656311035156,mf40527;b76637;mf40528;b76638;mf40529;b76639;mf40530;b76640
11,158.4,-60.0,1953-02-14,2733,158.211061,-60.094531999999994,11.144734382629396,mf40527;b76637;mf40528;b76638;mf40529;b76639;mf40530;b76640
11,158.4,-60.0,1953-02-14,3827,158.146729,-60.093701,12.183815956115724,mf40527;b76637;mf40528;b76638;mf40529;b76639;mf40530;b76640
11,158.4,-60.0,1953-02-14,4909,158.479239,-60.173179,10.824546813964844,mf40527;b76637;mf40528;b76638;mf40529;b76639;mf40530;b76640
11,158.4,-60.0,1953-02-14,5018,158.594439,-60.151325,10.708685874938965,mf40527;b76637;mf40528;b76638;mf40529;b76639;mf40530;b76640
11,158.4,-60.0,1953-02-14,9694,158.692187,-60.216417,11.585203170776367,mf40527;b76637;mf40528;b76638;mf40529;b76639;mf40530;b76640
11,158.4,-60.0,1953-02-14,9985,158.711245,-60.220635,10.166023254394531,mf40527;b76637;mf40528;b76638;mf40529;b76639;mf40530;b76640
11,158.4,-60.0,1953-02-25,1955,158.238553,-59.922273999999994,12.995827674865724,mf40540;b76651;mf40541;b76652;mf40542
11,158.4,-60.0,1953-02-25,2368,158.462057,-59.87958,13.574867248535156,mf40540;b76651;mf40541;b76652;mf40542
11,158.4,-60.0,1953-02-25,3239,158.12462800000003,-60.044964,12.950098037719728,mf40540;b76651;mf40541;b76652;mf40542
11,158.4,-60.0,1953-02-25,3295,158.361429,-59.855284,12.749460220336914,mf40540;b76651;mf40541;b76652;mf40542
11,158.4,-60.0,1953-02-25,3840,158.696923,-59.947494,12.710976600646973,mf40540;b76651;mf40541;b76652;mf40542
11,158.4,-60.0,1953-02-25,7942,158.008028,-59.885592,13.297374725341797,mf40540;b76651;mf40541;b76652;mf40542
11,158.4,-60.0,1953-02-25,8281,158.609928,-60.207003,13.52206325531006,mf40540;b76651;mf40541;b76652;mf40542
11,158.4,-60.0,1953-02-25,10684,158.002378,-59.768585,11.85807991027832,mf40540;b76651;mf40541;b76652;mf40542
11,158.4,-60.0,1953-02-27,1287,158.38959600000004,-60.09054799999999,13.22669506072998,mf40544;b76654;mf40545;b76655
11,158.4,-60.0,1953-02-27,4595,158.52351,-59.839394,11.894197463989258,mf40544;b76654;mf40545;b76655
11,158.4,-60.0,1953-02-27,5543,158.462583,-60.186365,11.998802185058594,mf40544;b76654;mf40545;b76655
11,158.4,-60.0,1953-02-27,5595,158.115269,-59.874833,11.579422950744627,mf40544;b76654;mf40545;b76655
11,158.4,-60.0,1953-02-27,8493,158.846599,-60.073713000000005,13.176763534545898,mf40544;b76654;mf40545;b76655
11,158.4,-60.0,1953-02-27,8494,158.840444,-60.082544,12.481860160827637,mf40544;b76654;mf40545;b76655
11,158.4,-60.0,1953-02-27,8617,158.779757,-60.142039,12.633325576782228,mf40544;b76654;mf40545;b76655
11,158.4,-60.0,1953-02-27,10361,158.821499,-60.193959,12.751209259033203,mf40544;b76654;mf40545;b76655
11,158.4,-60.0,1953-05-07,3156,158.241461,-60.119208,14.30006504058838,adh01824;pz00102
11,158.4,-60.0,1953-05-07,4169,158.149485,-60.105904,14.51343059539795,adh01824;pz00102
11,158.4,-60.0,1953-06-16,110,158.349002,-59.98985799999999,14.162689208984377,mf40578;mf40579;mf40580;mf40581;mf40582;adh01907;adh01909
11,158.4,-60.0,1953-06-16,943,158.556124,-60.005252,13.989252090454102,mf40578;mf40579;mf40580;mf40581;mf40582;adh01907;adh01909
11,158.4,-60.0,1953-06-16,972,158.252192,-60.02973300000001,14.045909881591797,mf40578;mf40579;mf40580;mf40581;mf40582;adh01907;adh01909
11,158.4,-60.0,1953-06-16,1099,158.4787,-59.92538100000001,13.726309776306152,mf40578;mf40579;mf40580;mf40581;mf40582;adh01907;adh01909
11,158.4,-60.0,1953-06-16,2301,158.2481,-60.096278000000005,14.134757041931152,mf40578;mf40579;mf40580;mf40581;mf40582;adh01907;adh01909
11,158.4,-60.0,1953-06-16,2759,158.600436,-59.910793999999996,14.201845169067385,mf40578;mf40579;mf40580;mf40581;mf40582;adh01907;adh01909
11,158.4,-60.0,1953-06-16,2761,158.456115,-59.86864700000001,14.433231353759766,mf40578;mf40579;mf40580;mf40581;mf40582;adh01907;adh01909
11,158.4,-60.0,1953-06-16,3475,158.60435,-60.109558,13.335488319396973,mf40578;mf40579;mf40580;mf40581;mf40582;adh01907;adh01909
11,158.4,-60.0,1953-06-16,4587,158.743955,-60.001661,14.017777442932127,mf40578;mf40579;mf40580;mf40581;mf40582;adh01907;adh01909
11,158.4,-60.0,1953-06-16,4905,158.154709,-60.12867299999999,13.885869026184082,mf40578;mf40579;mf40580;mf40581;mf40582;adh01907;adh01909
11,158.4,-60.0,1953-06-16,5999,158.084179,-60.11779,13.620180130004885,mf40578;mf40579;mf40580;mf40581;mf40582;adh01907;adh01909
11,158.4,-60.0,1953-06-16,6579,158.701978,-59.859384,13.725326538085938,mf40578;mf40579;mf40580;mf40581;mf40582;adh01907;adh01909
11,158.4,-60.0,1953-06-16,7986,158.529596,-59.78175000000001,13.74459457397461,mf40578;mf40579;mf40580;mf40581;mf40582;adh01907;adh01909
11,158.4,-60.0,1953-06-16,8137,158.76555,-59.860789,13.966188430786133,mf40578;mf40579;mf40580;mf40581;mf40582;adh01907;adh01909
11,158.4,-60.0,1953-06-16,8524,158.541652,-59.775474,14.266502380371094,mf40578;mf40579;mf40580;mf40581;mf40582;adh01907;adh01909
11,158.4,-60.0,1953-06-16,8543,158.791356,-60.13219900000001,13.83889102935791,mf40578;mf40579;mf40580;mf40581;mf40582;adh01907;adh01909
11,158.4,-60.0,1953-06-16,8678,158.16960600000002,-59.792206,14.281596183776855,mf40578;mf40579;mf40580;mf40581;mf40582;adh01907;adh01909
11,158.4,-60.0,1953-06-16,8873,158.785653,-60.146011,13.202109336853027,mf40578;mf40579;mf40580;mf40581;mf40582;adh01907;adh01909
11,158.4,-60.0,1953-06-16,9772,158.65790500000003,-60.229239,14.184066772460938,mf40578;mf40579;mf40580;mf40581;mf40582;adh01907;adh01909
11,158.4,-60.0,1953-06-16,10055,158.69486600000002,-60.22920500000001,13.44068431854248,mf40578;mf40579;mf40580;mf40581;mf40582;adh01907;adh01909
11,158.4,-60.0,1953-06-17,1065,158.565546,-59.995673,11.946822166442873,b76697;b76698;b76699;b76700;adh01919;adh01921
11,158.4,-60.0,1953-06-17,4845,158.598085,-60.14639,13.758272171020508,b76697;b76698;b76699;b76700;adh01919;adh01921
11,158.4,-60.0,1953-06-17,5421,158.76439900000003,-59.959026,13.839340209960938,b76697;b76698;b76699;b76700;adh01919;adh01921
11,158.4,-60.0,1953-06-17,6028,158.79357,-59.986044,13.858776092529297,b76697;b76698;b76699;b76700;adh01919;adh01921
11,158.4,-60.0,1953-06-17,8911,158.668079,-60.201896,14.218485832214355,b76697;b76698;b76699;b76700;adh01919;adh01921
11,158.4,-60.0,1953-06-17,9467,158.695884,-60.207319000000005,13.810694694519045,b76697;b76698;b76699;b76700;adh01919;adh01921
11,158.4,-60.0,1953-06-17,10079,157.96017600000002,-59.83862299999999,14.031768798828123,b76697;b76698;b76699;b76700;adh01919;adh01921
11,158.4,-60.0,1954-06-02,270,158.337746,-59.972843000000005,14.3516263961792,mf40764;mf40766;mf40767;mf40769;adh02398;adh02399;adh02404;adh02405;adh02390;adh02395
11,158.4,-60.0,1954-06-02,929,158.552713,-59.984763,14.983027458190918,mf40764;mf40766;mf40767;mf40769;adh02398;adh02399;adh02404;adh02405;adh02390;adh02395
11,158.4,-60.0,1954-06-02,1363,158.50099500000002,-60.07853000000001,14.372785568237305,mf40764;mf40766;mf40767;mf40769;adh02398;adh02399;adh02404;adh02405;adh02390;adh02395
11,158.4,-60.0,1954-06-02,4264,158.645378,-59.888481,13.132660865783691,mf40764;mf40766;mf40767;mf40769;adh02398;adh02399;adh02404;adh02405;adh02390;adh02395
11,158.4,-60.0,1954-06-02,7384,158.7517,-59.87055099999999,14.382984161376951,mf40764;mf40766;mf40767;mf40769;adh02398;adh02399;adh02404;adh02405;adh02390;adh02395
11,158.4,-60.0,1954-06-08,308,158.318966,-60.019636000000006,13.13192367553711,mf40839;mf40841;mf40842;mf40844;mf40845;mf40847;mf40848;mf40850
11,158.4,-60.0,1954-06-08,347,158.479299,-59.974326000000005,12.964973449707031,mf40839;mf40841;mf40842;mf40844;mf40845;mf40847;mf40848;mf40850
11,158.4,-60.0,1954-06-08,804,158.392926,-59.92822000000001,12.458101272583008,mf40839;mf40841;mf40842;mf40844;mf40845;mf40847;mf40848;mf40850
11,158.4,-60.0,1954-06-08,1069,158.565193,-59.992096000000004,12.439119338989258,mf40839;mf40841;mf40842;mf40844;mf40845;mf40847;mf40848;mf40850
11,158.4,-60.0,1954-06-08,1149,158.230747,-60.01488700000001,12.788640975952148,mf40839;mf40841;mf40842;mf40844;mf40845;mf40847;mf40848;mf40850
11,158.4,-60.0,1954-06-08,2549,158.398407,-59.871131,12.426474571228027,mf40839;mf40841;mf40842;mf40844;mf40845;mf40847;mf40848;mf40850
11,158.4,-60.0,1954-06-08,3923,158.616336,-60.11680700000001,12.363574981689451,mf40839;mf40841;mf40842;mf40844;mf40845;mf40847;mf40848;mf40850
11,158.4,-60.0,1954-06-08,5066,158.152132,-60.131367,12.445125579833984,mf40839;mf40841;mf40842;mf40844;mf40845;mf40847;mf40848;mf40850
11,158.4,-60.0,1954-06-08,5313,158.14996,-60.136693,13.057883262634276,mf40839;mf40841;mf40842;mf40844;mf40845;mf40847;mf40848;mf40850
11,158.4,-60.0,1954-06-08,5690,158.579292,-60.169344,12.099793434143066,mf40839;mf40841;mf40842;mf40844;mf40845;mf40847;mf40848;mf40850
11,158.4,-60.0,1954-06-08,5877,158.060769,-60.095981,13.1863431930542,mf40839;mf40841;mf40842;mf40844;mf40845;mf40847;mf40848;mf40850
11,158.4,-60.0,1954-06-08,6132,158.718297,-59.880979,12.299484252929688,mf40839;mf40841;mf40842;mf40844;mf40845;mf40847;mf40848;mf40850
11,158.4,-60.0,1954-06-08,6474,158.00639100000004,-59.94376,13.111785888671877,mf40839;mf40841;mf40842;mf40844;mf40845;mf40847;mf40848;mf40850
11,158.4,-60.0,1954-06-08,7259,157.982548,-59.942406,13.015286445617676,mf40839;mf40841;mf40842;mf40844;mf40845;mf40847;mf40848;mf40850
11,158.4,-60.0,1954-06-08,7377,158.516352,-59.789443999999996,12.501630783081056,mf40839;mf40841;mf40842;mf40844;mf40845;mf40847;mf40848;mf40850
11,158.4,-60.0,1954-06-08,8846,158.69599,-60.190291,12.008161544799805,mf40839;mf40841;mf40842;mf40844;mf40845;mf40847;mf40848;mf40850
269,273.6,3.1578947368421098,1949-04-07,215,273.545712,3.153027,14.926090240478516,b74600;bi04748;bi04749
269,273.6,3.1578947368421098,1949-04-07,1673,273.495748,3.051026,14.810502052307127,b74600;bi04748;bi04749
269,273.6,3.1578947368421098,1949-06-03,114,273.597261,3.118509,15.828045845031738,ac41154;kc00108;ka00910;kc00109;ka00911;ka00912;kb00590;kb00591;kb00592;kb00593;kb00594;rb16315;bi04842;bi04841;bi04843
269,273.6,3.1578947368421098,1949-06-03,364,273.531238,3.172218,15.40374755859375,ac41154;kc00108;ka00910;kc00109;ka00911;ka00912;kb00590;kb00591;kb00592;kb00593;kb00594;rb16315;bi04842;bi04841;bi04843
269,273.6,3.1578947368421098,1949-06-03,719,273.68828500000006,3.1168060000000004,15.342529296875,ac41154;kc00108;ka00910;kc00109;ka00911;ka00912;kb00590;kb00591;kb00592;kb00593;kb00594;rb16315;bi04842;bi04841;bi04843
269,273.6,3.1578947368421098,1949-06-03,1234,273.636377,3.0352770000000002,15.047151565551758,ac41154;kc00108;ka00910;kc00109;ka00911;ka00912;kb00590;kb00591;kb00592;kb00593;kb00594;rb16315;bi04842;bi04841;bi04843
269,273.6,3.1578947368421098,1949-06-03,1497,273.460521,3.132878,15.30935001373291,ac41154;kc00108;ka00910;kc00109;ka00911;ka00912;kb00590;kb00591;kb00592;kb00593;kb00594;rb16315;bi04842;bi04841;bi04843
269,273.6,3.1578947368421098,1949-06-03,2115,273.470335,3.263508,14.949101448059082,ac41154;kc00108;ka00910;kc00109;ka00911;ka00912;kb00590;kb00591;kb00592;kb00593;kb00594;rb16315;bi04842;bi04841;bi04843
269,273.6,3.1578947368421098,1949-06-03,3052,273.798478,3.12868,14.325213432312012,ac41154;kc00108;ka00910;kc00109;ka00911;ka00912;kb00590;kb00591;kb00592;kb00593;kb00594;rb16315;bi04842;bi04841;bi04843
269,273.6,3.1578947368421098,1949-06-03,3218,273.473571,3.319827,16.2221736907959,ac41154;kc00108;ka00910;kc00109;ka00911;ka00912;kb00590;kb00591;kb00592;kb00593;kb00594;rb16315;bi04842;bi04841;bi04843
269,273.6,3.1578947368421098,1949-06-03,3454,273.387782,3.135449,14.68557834625244,ac41154;kc00108;ka00910;kc00109;ka00911;ka00912;kb00590;kb00591;kb00592;kb00593;kb00594;rb16315;bi04842;bi04841;bi04843
269,273.6,3.1578947368421098,1949-06-03,4179,273.805995,3.04705,14.863758087158203,ac41154;kc00108;ka00910;kc00109;ka00911;ka00912;kb00590;kb00591;kb00592;kb00593;kb00594;rb16315;bi04842;bi04841;bi04843
269,273.6,3.1578947368421098,1949-06-03,4214,273.587342,3.392298,15.426950454711914,ac41154;kc00108;ka00910;kc00109;ka00911;ka00912;kb00590;kb00591;kb00592;kb00593;kb00594;rb16315;bi04842;bi04841;bi04843
269,273.6,3.1578947368421098,1949-06-03,4305,273.635062,3.392936,16.044235229492188,ac41154;kc00108;ka00910;kc00109;ka00911;ka00912;kb00590;kb00591;kb00592;kb00593;kb00594;rb16315;bi04842;bi04841;bi04843
269,273.6,3.1578947368421098,1949-06-03,4368,273.735857,3.354955,16.269786834716797,ac41154;kc00108;ka00910;kc00109;ka00911;ka00912;kb00590;kb00591;kb00592;kb00593;kb00594;rb16315;bi04842;bi04841;bi04843
269,273.6,3.1578947368421098,1949-06-03,4636,273.824148,3.268485,14.901002883911133,ac41154;kc00108;ka00910;kc00109;ka00911;ka00912;kb00590;kb00591;kb00592;kb00593;kb00594;rb16315;bi04842;bi04841;bi04843
269,273.6,3.1578947368421098,1949-06-03,4716,273.507662,3.393496,16.08246421813965,ac41154;kc00108;ka00910;kc00109;ka00911;ka00912;kb00590;kb00591;kb00592;kb00593;kb00594;rb16315;bi04842;bi04841;bi04843
269,273.6,3.1578947368421098,1949-06-03,4911,273.814528,3.006705,16.445566177368164,ac41154;kc00108;ka00910;kc00109;ka00911;ka00912;kb00590;kb00591;kb00592;kb00593;kb00594;rb16315;bi04842;bi04841;bi04843
269,273.6,3.1578947368421098,1949-06-03,5182,273.441772,3.3931250000000004,16.086679458618164,ac41154;kc00108;ka00910;kc00109;ka00911;ka00912;kb00590;kb00591;kb00592;kb00593;kb00594;rb16315;bi04842;bi04841;bi04843
